,11/09/2023,17/09/2023,24/09/2023,434,434,MOBILHOME 5 personnes - Cottage Lavande 5 pers,,Camping Le Luberon,5 Adultes, 84400 APT,,37,camping-le-luberon-96400,
,11/09/2023,17/09/2023,24/09/2023,434,434,GÎTE 4 personnes - Mimosa 4 pers,,Camping Le Luberon,4 Adultes, 84400 APT,,37,camping-le-luberon-96400,
,11/09/2023,16/09/2023,23/09/2023,1064,1064,MOBILHOME 6 personnes - Cottage Plus,,Camping Holiday Green,6 Adultes, 83600 FREJUS,,37,camping-holiday-green-77275,
,11/09/2023,25/11/2023,02/12/2023,480,480,MOBILHOME 4 personnes - Mobilhome 4 personnes,,Camping Du Lac Les Iscles,4 Adultes, 05600 EYGLIERS,,47,camping-du-lac-les-iscles-81627,
,11/09/2023,15/10/2023,22/10/2023,112,112,EMPLACEMENT,,Camping La Foux,, 83300 DRAGUIGNAN,,41,camping-la-foux-80233,
,11/09/2023,27/01/2024,03/02/2024,255,255,CHALET 5 personnes - 4/5 PLACES,,Camping De la Base Nautique,4 Adultes, 12490 SAINT ROME DE TARN,,4,camping-de-la-base-nautique-86725,
,11/09/2023,27/01/2024,03/02/2024,285,285,MOBILHOME 6 personnes - 4/6 PLACES,,Camping De la Base Nautique,6 Adultes, 12490 SAINT ROME DE TARN,,4,camping-de-la-base-nautique-86725,
,11/09/2023,27/01/2024,03/02/2024,325,325,MOBILHOME 7 personnes - Mobil-home Premium 7 personnes,,Camping De la Base Nautique,7 Adultes, 12490 SAINT ROME DE TARN,,4,camping-de-la-base-nautique-86725,
,11/09/2023,07/10/2023,14/10/2023,196,196,EMPLACEMENT,,Camping Sélection Camping,, 83420 LA CROIX VALMER,,40,camping-selection-camping-77442,
,11/09/2023,07/10/2023,14/10/2023,378,378,"BUNGALOW TOILÉ 4 personnes - COCO SWEET (sans eau, sans sanitaires)",,Camping Sélection Camping,4 Adultes, 83420 LA CROIX VALMER,,40,camping-selection-camping-77442,
,11/09/2023,07/10/2023,14/10/2023,507.50,507.50,MOBILHOME 3 personnes - GIGARO,,Camping Sélection Camping,3 Adultes, 83420 LA CROIX VALMER,,40,camping-selection-camping-77442,
,11/09/2023,07/10/2023,14/10/2023,686,686,GÎTE 4 personnes - LE PUITS avec jardin privé,,Camping Sélection Camping,2 Adultes, 83420 LA CROIX VALMER,,40,camping-selection-camping-77442,
,11/09/2023,07/10/2023,14/10/2023,826,826,GÎTE 5 personnes - RAYOL,,Camping Sélection Camping,5 Adultes, 83420 LA CROIX VALMER,,40,camping-selection-camping-77442,
,11/09/2023,07/10/2023,14/10/2023,861,861,MOBILHOME 6 personnes - CAP CAMARAT,,Camping Sélection Camping,6 Adultes, 83420 LA CROIX VALMER,,40,camping-selection-camping-77442,
,11/09/2023,07/10/2023,14/10/2023,861,861,GÎTE 4 personnes - LE LEVANT,,Camping Sélection Camping,2 Adultes, 83420 LA CROIX VALMER,,40,camping-selection-camping-77442,
,11/09/2023,07/10/2023,14/10/2023,2394,2394,GÎTE 6 personnes - MISTRAL,,Camping Sélection Camping,6 Adultes, 83420 LA CROIX VALMER,,40,camping-selection-camping-77442,
,11/09/2023,02/12/2023,09/12/2023,546,546,MOBILHOME 4 personnes - MH 2 Chambres Super Mercure,,Camping Le Moulin Du Roy,4 Adultes, 31250 REVEL,,48,camping-le-moulin-du-roy-80182,
,11/09/2023,13/04/2024,20/04/2024,80.50,80.50,MOBILHOME 4 personnes - Loggia Confort (neuf 2022),,Camping Du Bosc,4 Adultes," D911, 47110 Le Temple",,15,camping-du-bosc-79071,
,11/09/2023,25/05/2024,01/06/2024,504,504,MOBILHOME 6 personnes - Mobilhome 6 personnes,,Camping du Perche Bellemois,6 Adultes, 61130 BELLEME,,21,camping-du-perche-bellemois-76870,
,11/09/2023,25/05/2024,01/06/2024,960,960,MOBILHOME 6 personnes - Avec Spa privatif,,Camping du Perche Bellemois,6 Adultes, 61130 BELLEME,,21,camping-du-perche-bellemois-76870,
,11/09/2023,23/09/2023,30/09/2023,430,430,MOBILHOME 5 personnes - Mobilhome 5 personnes,,Camping De Saint Aygulf Plage,5 Adultes, 83370 SAINT AYGULF,,38,camping-de-saint-aygulf-plage-78187,
,11/09/2023,20/04/2024,27/04/2024,525,525,MOBILHOME 4 personnes - accessible aux personnes handicapées Nice,,Camping RCN Domaine de la Noguière,4 Adultes, 83490 LE MUY,,16,camping-rcn-domaine-de-la-noguiere-77593,
,11/09/2023,20/04/2024,27/04/2024,665,665,MOBILHOME 4 personnes - St. Tropez,,Camping RCN Domaine de la Noguière,4 Adultes, 83490 LE MUY,,16,camping-rcn-domaine-de-la-noguiere-77593,
,11/09/2023,20/04/2024,27/04/2024,693,693,TENTE TOILE ET BOIS 6 personnes - Tente safari Grimaud,,Camping RCN Domaine de la Noguière,6 Adultes, 83490 LE MUY,,16,camping-rcn-domaine-de-la-noguiere-77593,
,11/09/2023,20/04/2024,27/04/2024,693,693,MOBILHOME 6 personnes - Roquebrune,,Camping RCN Domaine de la Noguière,6 Adultes, 83490 LE MUY,,16,camping-rcn-domaine-de-la-noguiere-77593,
,11/09/2023,20/04/2024,27/04/2024,707,707,MOBILHOME 4 personnes - St. Raphaël,,Camping RCN Domaine de la Noguière,4 Adultes, 83490 LE MUY,,16,camping-rcn-domaine-de-la-noguiere-77593,
,11/09/2023,20/04/2024,27/04/2024,735,735,MOBILHOME 6 personnes - Cannes,,Camping RCN Domaine de la Noguière,6 Adultes, 83490 LE MUY,,16,camping-rcn-domaine-de-la-noguiere-77593,
,11/09/2023,20/04/2024,27/04/2024,763,763,MOBILHOME 6 personnes - Estérel,,Camping RCN Domaine de la Noguière,6 Adultes, 83490 LE MUY,,16,camping-rcn-domaine-de-la-noguiere-77593,
,11/09/2023,01/10/2023,08/10/2023,185.50,185.50,EMPLACEMENT - electricité,,Camping Le Clos du Rhône,, 13460 SAINTES MARIES DE LA MER (13),,39,camping-le-clos-du-rhone-78449,
,11/09/2023,01/10/2023,08/10/2023,206.50,206.50,EMPLACEMENT - Emplact électricité/eau,,Camping Le Clos du Rhône,, 13460 SAINTES MARIES DE LA MER (13),,39,camping-le-clos-du-rhone-78449,
,11/09/2023,01/10/2023,08/10/2023,312,312,EMPLACEMENT,,Camping Le Clos du Rhône,, 13460 SAINTES MARIES DE LA MER (13),,39,camping-le-clos-du-rhone-78449,
,11/09/2023,24/12/2023,31/12/2023,826,826,MOBILHOME 6 personnes - COTTAGE,,Camping Paradis - Le Pressoir,6 Adultes, 33570 PETIT PALAIS ET CORNEMPS,,51,camping-paradis-le-pressoir-76675,
,11/09/2023,28/04/2024,05/05/2024,510,510,TENTE TOILE ET BOIS 4 personnes - LODGE TRAPPEUR 4 pers,,Camping Pene Blanche,4 Adultes, 65510 LOUDENVIELLE,,17,camping-pene-blanche-79568,
,11/09/2023,28/04/2024,05/05/2024,526,526,MOBILHOME 4 personnes - CONFORT 4 Pers (27m²),,Camping Pene Blanche,4 Adultes, 65510 LOUDENVIELLE,,17,camping-pene-blanche-79568,
,11/09/2023,04/02/2024,11/02/2024,476,476,MOBILHOME 4 personnes - 2 CHAMBRES,,Camping Le Pontis,4 Adultes,DIT LE PONTIS ,,5,camping-le-pontis-78732,
,11/09/2023,04/02/2024,11/02/2024,490,490,MOBILHOME 5 personnes - 3 chambres,,Camping Le Pontis,5 Adultes,DIT LE PONTIS ,,5,camping-le-pontis-78732,
,11/09/2023,01/10/2023,08/10/2023,430,430,MOBILHOME 6 personnes - Confort 3 chambres (attention lit mezzanine max 75kg),,Camping Les Lavandes Valensole,6 Adultes, 04210 VALENSOLE,,39,camping-les-lavandes-valensole-80590,
,11/09/2023,01/10/2023,08/10/2023,480,480,MOBILHOME 6 personnes - Privilège 3 chambres (attention lit mezzanine max 75kg),,Camping Les Lavandes Valensole,6 Adultes, 04210 VALENSOLE,,39,camping-les-lavandes-valensole-80590,
,11/09/2023,24/09/2023,01/10/2023,840,840,MOBILHOME 4 personnes - PANORAMIQUE,,Camping Chantecler,4 Adultes,André ,,38,camping-chantecler-80231,
,11/09/2023,24/09/2023,01/10/2023,1092,1092,MAISON 4 personnes - LE BASTIDON 42 m²,,Camping Chantecler,4 Adultes,André ,,38,camping-chantecler-80231,
,11/09/2023,15/10/2023,22/10/2023,476,476,MOBILHOME 2 personnes - PREMIUM,,Camping Vallée Heureuse,2 Adultes, 13660 ORGON,,41,camping-vallee-heureuse-77915,
,11/09/2023,15/10/2023,22/10/2023,476,476,MOBILHOME 5 personnes - 5 places Confort,,Camping Vallée Heureuse,5 Adultes, 13660 ORGON,,41,camping-vallee-heureuse-77915,
,11/09/2023,15/10/2023,22/10/2023,511,511,MOBILHOME 4 personnes - PREMIUM,,Camping Vallée Heureuse,4 Adultes, 13660 ORGON,,41,camping-vallee-heureuse-77915,
,11/09/2023,15/10/2023,22/10/2023,581,581,MOBILHOME 6 personnes - CONFORT +,,Camping Vallée Heureuse,6 Adultes, 13660 ORGON,,41,camping-vallee-heureuse-77915,
,11/09/2023,08/10/2023,15/10/2023,613,440,MOBILHOME 6 personnes - Cosy 3 chambres Climatisé (I63C),,Camping La Plage d'Argens,6 Adultes, 83370 SAINT AYGULF,,40,camping-la-plage-dargens-78192,
,11/09/2023,08/10/2023,15/10/2023,661,475,MOBILHOME 6 personnes - Privilège 3 chambres (PM36),,Camping La Plage d'Argens,6 Adultes, 83370 SAINT AYGULF,,40,camping-la-plage-dargens-78192,
,11/09/2023,07/10/2023,14/10/2023,185.50,185.50,EMPLACEMENT - electricité,,Camping Le Clos du Rhône,, 13460 SAINTES MARIES DE LA MER (13),,40,camping-le-clos-du-rhone-78449,
,11/09/2023,07/10/2023,14/10/2023,206.50,206.50,EMPLACEMENT - électricité/eau/ pergola,,Camping Le Clos du Rhône,, 13460 SAINTES MARIES DE LA MER (13),,40,camping-le-clos-du-rhone-78449,
,11/09/2023,07/10/2023,14/10/2023,206.50,206.50,EMPLACEMENT - Emplact électricité/eau,,Camping Le Clos du Rhône,, 13460 SAINTES MARIES DE LA MER (13),,40,camping-le-clos-du-rhone-78449,
,11/09/2023,07/10/2023,14/10/2023,343,343,MOBILHOME 2 personnes - SUNELIA CONFORT DUO,,Camping Le Clos du Rhône,2 Adultes, 13460 SAINTES MARIES DE LA MER (13),,40,camping-le-clos-du-rhone-78449,
,11/09/2023,07/10/2023,14/10/2023,406,406,MOBILHOME 4 personnes - SUNELIA CONFORT ESPRIT SUD,,Camping Le Clos du Rhône,4 Adultes, 13460 SAINTES MARIES DE LA MER (13),,40,camping-le-clos-du-rhone-78449,
,11/09/2023,07/10/2023,14/10/2023,413,413,"MOBILHOME 4 personnes - SUNELIA CONFORT ""GRAND LARGE""",,Camping Le Clos du Rhône,4 Adultes, 13460 SAINTES MARIES DE LA MER (13),,40,camping-le-clos-du-rhone-78449,
,11/09/2023,07/10/2023,14/10/2023,455,455,"MOBILHOME 6 personnes - Cottage Confort ""Camargue"" 29m² 3ch 4/6 pers",,Camping Le Clos du Rhône,6 Adultes, 13460 SAINTES MARIES DE LA MER (13),,40,camping-le-clos-du-rhone-78449,
,11/09/2023,07/10/2023,14/10/2023,832,832,MOBILHOME 6 personnes - SUNELIA PRESTIGE ALIZES,,Camping Le Clos du Rhône,6 Adultes, 13460 SAINTES MARIES DE LA MER (13),,40,camping-le-clos-du-rhone-78449,
,11/09/2023,20/04/2024,27/04/2024,371,371,TENTE TOILE ET BOIS 6 personnes - Glampingtent Bulot,,Camping RCN Port l'Epine,6 Adultes, 22660 TRELEVERN,,16,camping-rcn-port-l-epine-78645,
,11/09/2023,20/04/2024,27/04/2024,385,385,MOBILHOME 4 personnes - Étrille,,Camping RCN Port l'Epine,4 Adultes, 22660 TRELEVERN,,16,camping-rcn-port-l-epine-78645,
,11/09/2023,20/04/2024,27/04/2024,406,406,MOBILHOME 4 personnes - Fou de Bassan,,Camping RCN Port l'Epine,4 Adultes, 22660 TRELEVERN,,16,camping-rcn-port-l-epine-78645,
,11/09/2023,20/04/2024,27/04/2024,448,448,MOBILHOME 4 personnes - Telline,,Camping RCN Port l'Epine,4 Adultes, 22660 TRELEVERN,,16,camping-rcn-port-l-epine-78645,
,11/09/2023,20/04/2024,27/04/2024,462,462,MOBILHOME 6 personnes - Macareux,,Camping RCN Port l'Epine,6 Adultes, 22660 TRELEVERN,,16,camping-rcn-port-l-epine-78645,
,11/09/2023,20/04/2024,27/04/2024,497,497,CHALET 5 personnes - Cormoran,,Camping RCN Port l'Epine,5 Adultes, 22660 TRELEVERN,,16,camping-rcn-port-l-epine-78645,
,11/09/2023,20/04/2024,27/04/2024,532,532,MOBILHOME 4 personnes - Palourde,,Camping RCN Port l'Epine,4 Adultes, 22660 TRELEVERN,,16,camping-rcn-port-l-epine-78645,
,11/09/2023,20/04/2024,27/04/2024,581,581,MOBILHOME 6 personnes - Homard,,Camping RCN Port l'Epine,6 Adultes, 22660 TRELEVERN,,16,camping-rcn-port-l-epine-78645,
,11/09/2023,20/04/2024,27/04/2024,595,595,CHALET 6 personnes - Tourteau,,Camping RCN Port l'Epine,6 Adultes, 22660 TRELEVERN,,16,camping-rcn-port-l-epine-78645,
,11/09/2023,01/10/2023,08/10/2023,511,511,BUNGALOW 5 personnes - ESSENTIEL 2P5ET,,,5 Adultes, 06480 LA COLLE SUR LOUP,,39,club-belambra-les-terrasses-de-st-paul-de-vence-94192,
,11/09/2023,01/10/2023,08/10/2023,567,567,APPARTEMENT 5 personnes - CLASSIQUE 2P5QT,,,5 Adultes, 06480 LA COLLE SUR LOUP,,39,club-belambra-les-terrasses-de-st-paul-de-vence-94192,
,11/09/2023,11/05/2024,18/05/2024,501,501,MOBILHOME 4 personnes - Cadouin,,Camping RCN Le Moulin de la Pique,4 Adultes, 24170 BELVES,,19,camping-rcn-le-moulin-de-la-pique-76873,
,11/09/2023,21/10/2023,28/10/2023,548,548,"MOBILHOME 6 personnes - LODGE BOIS GRAND CONFORT, 2 chambres (dimanche/dimanche)",,Camping Lou Pantai,4 Adultes, 83220 LE PRADET,,42,camping-lou-pantai-77607,
,11/09/2023,21/10/2023,28/10/2023,617,617,"MOBILHOME 6 personnes - LODGE BOIS GRAND CONFORT, 3 chambres (dimanche/dimanche)",,Camping Lou Pantai,6 Adultes, 83220 LE PRADET,,42,camping-lou-pantai-77607,
