web-scrapper-order,date_price,date_debut,date_fin,prix_init,prix_actuel,typologie,n_offre,stars,nom,localite,Nb personnes,date_debut-jour,Nb semaines
,13/03/2023,01/04/2023,08/04/2023,2191,2191,Mobilhome/Cottage,33892,0,Camping Les Tournels,St Tropez,Jusqu'à 8 personnes,,13
,13/03/2023,01/04/2023,08/04/2023,1589,1589,Mobilhome/Cottage,33889,0,Camping Les Tournels,St Tropez,Jusqu'à 6 personnes,,13
,13/03/2023,01/04/2023,08/04/2023,1757,1757,Mobilhome/Cottage,58813,0,Camping Les Tournels,St Tropez,Jusqu'à 4 personnes,,13
,13/03/2023,01/04/2023,08/04/2023,1512,1512,Mobilhome/Cottage,58813,0,Camping Les Tournels,St Tropez,Jusqu'à 4 personnes,,13
,13/03/2023,01/04/2023,08/04/2023,1337,1337,Mobilhome/Cottage,33882,0,Camping Les Tournels,St Tropez,Jusqu'à 4 personnes,,13
,13/03/2023,01/04/2023,08/04/2023,1001,1001,Mobilhome/Cottage,6958,4,Camping Les Tournels,St Tropez,Jusqu'à 6 personnes,,13
,13/03/2023,01/04/2023,08/04/2023,765,765,Mobilhome/Cottage,6958,4,Camping Les Tournels,St Tropez,Jusqu'à 6 personnes,,13
,13/03/2023,01/04/2023,08/04/2023,612,612,Mobilhome/Cottage,6958,4,Camping Les Tournels,St Tropez,Jusqu'à 6 personnes,,13
,13/03/2023,01/04/2023,08/04/2023,612,612,Mobilhome/Cottage,6958,4,Camping Les Tournels,St Tropez,Jusqu'à 6 personnes,,13
,13/03/2023,01/04/2023,08/04/2023,459,459,Mobilhome/Cottage,6958,4,Camping Les Tournels,St Tropez,Jusqu'à 6 personnes,,13
,13/03/2023,01/04/2023,08/04/2023,1015,1015,Mobilhome/Cottage,4527,4,Camping Les Tournels,St Tropez,Jusqu'à 6 personnes,,13
,13/03/2023,01/04/2023,08/04/2023,945,945,Mobilhome/Cottage,4527,4,Camping Les Tournels,St Tropez,Jusqu'à 6 personnes,,13
,13/03/2023,01/04/2023,08/04/2023,700,700,Mobilhome/Cottage,16126,3,Camping Les Tournels,St Tropez,Jusqu'à 6 personnes,,13
,13/03/2023,01/04/2023,08/04/2023,700,700,Mobilhome/Cottage,7586,3,Camping Les Tournels,St Tropez,Jusqu'à 4 personnes,,13
,13/03/2023,01/04/2023,08/04/2023,270,270,Mobilhome/Cottage,7586,3,Camping Les Tournels,St Tropez,Jusqu'à 4 personnes,,13
,13/03/2023,01/04/2023,08/04/2023,270,270,Mobilhome/Cottage,7586,3,Camping Les Tournels,St Tropez,Jusqu'à 4 personnes,,13
,13/03/2023,01/04/2023,08/04/2023,630,630,Mobilhome/Cottage,7478,3,Camping Les Tournels,St Tropez,"32 m²* -
2 chambres",,13
,13/03/2023,01/04/2023,08/04/2023,630,630,Mobilhome/Cottage,1018,3,Camping Les Tournels,St Tropez,Jusqu'à 4 personnes,,13
,13/03/2023,01/04/2023,08/04/2023,700,700,Mobilhome/Cottage,1018,3,Camping Les Tournels,St Tropez,Jusqu'à 4 personnes,,13
,13/03/2023,01/04/2023,08/04/2023,595,595,Mobilhome/Cottage,16123,3,Camping Les Tournels,St Tropez,Jusqu'à 4 personnes,,13
,13/03/2023,01/04/2023,08/04/2023,1274,1274,Mobilhome/Cottage,98725,0,Camping La Plage du Dramont,Saint-Raphaël,Jusqu'à 6 personnes,,13
,13/03/2023,01/04/2023,08/04/2023,952,952,Mobilhome/Cottage,98722,0,Camping La Plage du Dramont,Saint-Raphaël,Jusqu'à 6 personnes,,13
,13/03/2023,01/04/2023,08/04/2023,952,952,Mobilhome/Cottage,98764,0,Camping La Plage du Dramont,Saint-Raphaël,Jusqu'à 6 personnes,,13
,13/03/2023,01/04/2023,08/04/2023,910,910,Mobilhome/Cottage,98719,0,Camping La Plage du Dramont,Saint-Raphaël,Jusqu'à 4 personnes,,13
,13/03/2023,01/04/2023,08/04/2023,854,854,Mobilhome/Cottage,98761,4,Camping La Plage du Dramont,Saint-Raphaël,Jusqu'à 6 personnes,,13
,13/03/2023,01/04/2023,08/04/2023,826,826,Mobilhome/Cottage,98758,4,Camping La Plage du Dramont,Saint-Raphaël,Jusqu'à 6 personnes,,13
,13/03/2023,01/04/2023,08/04/2023,728,728,Mobilhome/Cottage,98755,4,Camping La Plage du Dramont,Saint-Raphaël,Jusqu'à 4 personnes,,13
,13/03/2023,01/04/2023,08/04/2023,651,651,Mobilhome/Cottage,98749,4,Camping La Plage du Dramont,Saint-Raphaël,Jusqu'à 4 personnes,,13
,13/03/2023,01/04/2023,08/04/2023,693,693,Mobilhome/Cottage,98752,4,Camping La Plage du Dramont,Saint-Raphaël,Jusqu'à 4 personnes,,13
,13/03/2023,08/04/2023,15/04/2023,2191,2191,Mobilhome/Cottage,33892,0,Camping Les Tournels,St Tropez,Jusqu'à 8 personnes,,14
,13/03/2023,08/04/2023,15/04/2023,1589,1589,Mobilhome/Cottage,33889,0,Camping Les Tournels,St Tropez,Jusqu'à 6 personnes,,14
,13/03/2023,08/04/2023,15/04/2023,1757,1757,Mobilhome/Cottage,58813,0,Camping Les Tournels,St Tropez,Jusqu'à 4 personnes,,14
,13/03/2023,08/04/2023,15/04/2023,1512,1512,Mobilhome/Cottage,58813,0,Camping Les Tournels,St Tropez,Jusqu'à 4 personnes,,14
,13/03/2023,08/04/2023,15/04/2023,1337,1337,Mobilhome/Cottage,33882,0,Camping Les Tournels,St Tropez,Jusqu'à 4 personnes,,14
,13/03/2023,08/04/2023,15/04/2023,1001,1001,Mobilhome/Cottage,6958,4,Camping Les Tournels,St Tropez,Jusqu'à 6 personnes,,14
,13/03/2023,08/04/2023,15/04/2023,765,765,Mobilhome/Cottage,6958,4,Camping Les Tournels,St Tropez,Jusqu'à 6 personnes,,14
,13/03/2023,08/04/2023,15/04/2023,612,612,Mobilhome/Cottage,6958,4,Camping Les Tournels,St Tropez,Jusqu'à 6 personnes,,14
,13/03/2023,08/04/2023,15/04/2023,612,612,Mobilhome/Cottage,6958,4,Camping Les Tournels,St Tropez,Jusqu'à 6 personnes,,14
,13/03/2023,08/04/2023,15/04/2023,459,459,Mobilhome/Cottage,6958,4,Camping Les Tournels,St Tropez,Jusqu'à 6 personnes,,14
,13/03/2023,08/04/2023,15/04/2023,1015,1015,Mobilhome/Cottage,4527,4,Camping Les Tournels,St Tropez,Jusqu'à 6 personnes,,14
,13/03/2023,08/04/2023,15/04/2023,945,945,Mobilhome/Cottage,4527,4,Camping Les Tournels,St Tropez,Jusqu'à 6 personnes,,14
,13/03/2023,08/04/2023,15/04/2023,696,696,Mobilhome/Cottage,796,4,Camping Les Tournels,St Tropez,Jusqu'à 4 personnes,,14
,13/03/2023,08/04/2023,15/04/2023,580,580,Mobilhome/Cottage,796,4,Camping Les Tournels,St Tropez,Jusqu'à 4 personnes,,14
,13/03/2023,08/04/2023,15/04/2023,580,580,Mobilhome/Cottage,796,4,Camping Les Tournels,St Tropez,Jusqu'à 4 personnes,,14
,13/03/2023,08/04/2023,15/04/2023,464,464,Mobilhome/Cottage,796,4,Camping Les Tournels,St Tropez,Jusqu'à 4 personnes,,14
,13/03/2023,08/04/2023,15/04/2023,464,464,Mobilhome/Cottage,796,4,Camping Les Tournels,St Tropez,Jusqu'à 4 personnes,,14
,13/03/2023,08/04/2023,15/04/2023,700,700,Mobilhome/Cottage,16126,3,Camping Les Tournels,St Tropez,Jusqu'à 6 personnes,,14
,13/03/2023,08/04/2023,15/04/2023,700,700,Mobilhome/Cottage,7586,3,Camping Les Tournels,St Tropez,Jusqu'à 4 personnes,,14
,13/03/2023,08/04/2023,15/04/2023,270,270,Mobilhome/Cottage,7586,3,Camping Les Tournels,St Tropez,Jusqu'à 4 personnes,,14
,13/03/2023,08/04/2023,15/04/2023,270,270,Mobilhome/Cottage,7586,3,Camping Les Tournels,St Tropez,Jusqu'à 4 personnes,,14
,13/03/2023,08/04/2023,15/04/2023,630,630,Mobilhome/Cottage,7478,3,Camping Les Tournels,St Tropez,"32 m²* -
2 chambres",,14
,13/03/2023,08/04/2023,15/04/2023,595,595,Mobilhome/Cottage,16123,3,Camping Les Tournels,St Tropez,Jusqu'à 4 personnes,,14
,13/03/2023,08/04/2023,15/04/2023,1274,1274,Mobilhome/Cottage,98725,0,Camping La Plage du Dramont,Saint-Raphaël,Jusqu'à 6 personnes,,14
,13/03/2023,08/04/2023,15/04/2023,952,952,Mobilhome/Cottage,98722,0,Camping La Plage du Dramont,Saint-Raphaël,Jusqu'à 6 personnes,,14
,13/03/2023,08/04/2023,15/04/2023,952,952,Mobilhome/Cottage,98764,0,Camping La Plage du Dramont,Saint-Raphaël,Jusqu'à 6 personnes,,14
,13/03/2023,08/04/2023,15/04/2023,910,910,Mobilhome/Cottage,98719,0,Camping La Plage du Dramont,Saint-Raphaël,Jusqu'à 4 personnes,,14
,13/03/2023,08/04/2023,15/04/2023,854,854,Mobilhome/Cottage,98761,4,Camping La Plage du Dramont,Saint-Raphaël,Jusqu'à 6 personnes,,14
,13/03/2023,08/04/2023,15/04/2023,728,728,Mobilhome/Cottage,98755,4,Camping La Plage du Dramont,Saint-Raphaël,Jusqu'à 4 personnes,,14
,13/03/2023,08/04/2023,15/04/2023,651,651,Mobilhome/Cottage,98749,4,Camping La Plage du Dramont,Saint-Raphaël,Jusqu'à 4 personnes,,14
,13/03/2023,08/04/2023,15/04/2023,693,693,Mobilhome/Cottage,98752,4,Camping La Plage du Dramont,Saint-Raphaël,Jusqu'à 4 personnes,,14
,13/03/2023,08/04/2023,15/04/2023,651,651,Mobilhome/Cottage,98746,4,Camping La Plage du Dramont,Saint-Raphaël,Jusqu'à 4 personnes,,14
,13/03/2023,15/04/2023,22/04/2023,2191,2191,Mobilhome/Cottage,33892,0,Camping Les Tournels,St Tropez,Jusqu'à 8 personnes,,15
,13/03/2023,15/04/2023,22/04/2023,1589,1589,Mobilhome/Cottage,33889,0,Camping Les Tournels,St Tropez,Jusqu'à 6 personnes,,15
,13/03/2023,15/04/2023,22/04/2023,1337,1337,Mobilhome/Cottage,33882,0,Camping Les Tournels,St Tropez,Jusqu'à 4 personnes,,15
,13/03/2023,15/04/2023,22/04/2023,1001,1001,Mobilhome/Cottage,6958,4,Camping Les Tournels,St Tropez,Jusqu'à 6 personnes,,15
,13/03/2023,15/04/2023,22/04/2023,765,765,Mobilhome/Cottage,6958,4,Camping Les Tournels,St Tropez,Jusqu'à 6 personnes,,15
,13/03/2023,15/04/2023,22/04/2023,612,612,Mobilhome/Cottage,6958,4,Camping Les Tournels,St Tropez,Jusqu'à 6 personnes,,15
,13/03/2023,15/04/2023,22/04/2023,612,612,Mobilhome/Cottage,6958,4,Camping Les Tournels,St Tropez,Jusqu'à 6 personnes,,15
,13/03/2023,15/04/2023,22/04/2023,459,459,Mobilhome/Cottage,6958,4,Camping Les Tournels,St Tropez,Jusqu'à 6 personnes,,15
,13/03/2023,15/04/2023,22/04/2023,1015,1015,Mobilhome/Cottage,4527,4,Camping Les Tournels,St Tropez,Jusqu'à 6 personnes,,15
,13/03/2023,15/04/2023,22/04/2023,945,945,Mobilhome/Cottage,4527,4,Camping Les Tournels,St Tropez,Jusqu'à 6 personnes,,15
,13/03/2023,15/04/2023,22/04/2023,696,696,Mobilhome/Cottage,796,4,Camping Les Tournels,St Tropez,Jusqu'à 4 personnes,,15
,13/03/2023,15/04/2023,22/04/2023,580,580,Mobilhome/Cottage,796,4,Camping Les Tournels,St Tropez,Jusqu'à 4 personnes,,15
,13/03/2023,15/04/2023,22/04/2023,580,580,Mobilhome/Cottage,796,4,Camping Les Tournels,St Tropez,Jusqu'à 4 personnes,,15
,13/03/2023,15/04/2023,22/04/2023,464,464,Mobilhome/Cottage,796,4,Camping Les Tournels,St Tropez,Jusqu'à 4 personnes,,15
,13/03/2023,15/04/2023,22/04/2023,464,464,Mobilhome/Cottage,796,4,Camping Les Tournels,St Tropez,Jusqu'à 4 personnes,,15
,13/03/2023,15/04/2023,22/04/2023,700,700,Mobilhome/Cottage,16126,3,Camping Les Tournels,St Tropez,Jusqu'à 6 personnes,,15
,13/03/2023,15/04/2023,22/04/2023,700,700,Mobilhome/Cottage,7586,3,Camping Les Tournels,St Tropez,Jusqu'à 4 personnes,,15
,13/03/2023,15/04/2023,22/04/2023,270,270,Mobilhome/Cottage,7586,3,Camping Les Tournels,St Tropez,Jusqu'à 4 personnes,,15
,13/03/2023,15/04/2023,22/04/2023,270,270,Mobilhome/Cottage,7586,3,Camping Les Tournels,St Tropez,Jusqu'à 4 personnes,,15
,13/03/2023,15/04/2023,22/04/2023,630,630,Mobilhome/Cottage,7478,3,Camping Les Tournels,St Tropez,"32 m²* -
2 chambres",,15
,13/03/2023,15/04/2023,22/04/2023,630,630,Mobilhome/Cottage,1018,3,Camping Les Tournels,St Tropez,Jusqu'à 4 personnes,,15
,13/03/2023,15/04/2023,22/04/2023,700,700,Mobilhome/Cottage,1018,3,Camping Les Tournels,St Tropez,Jusqu'à 4 personnes,,15
,13/03/2023,15/04/2023,22/04/2023,595,595,Mobilhome/Cottage,16123,3,Camping Les Tournels,St Tropez,Jusqu'à 4 personnes,,15
,13/03/2023,15/04/2023,22/04/2023,1274,1274,Mobilhome/Cottage,98725,0,Camping La Plage du Dramont,Saint-Raphaël,Jusqu'à 6 personnes,,15
,13/03/2023,15/04/2023,22/04/2023,952,952,Mobilhome/Cottage,98722,0,Camping La Plage du Dramont,Saint-Raphaël,Jusqu'à 6 personnes,,15
,13/03/2023,15/04/2023,22/04/2023,952,952,Mobilhome/Cottage,98764,0,Camping La Plage du Dramont,Saint-Raphaël,Jusqu'à 6 personnes,,15
,13/03/2023,15/04/2023,22/04/2023,854,854,Mobilhome/Cottage,98761,4,Camping La Plage du Dramont,Saint-Raphaël,Jusqu'à 6 personnes,,15
,13/03/2023,15/04/2023,22/04/2023,826,826,Mobilhome/Cottage,98758,4,Camping La Plage du Dramont,Saint-Raphaël,Jusqu'à 6 personnes,,15
,13/03/2023,15/04/2023,22/04/2023,728,728,Mobilhome/Cottage,98755,4,Camping La Plage du Dramont,Saint-Raphaël,Jusqu'à 4 personnes,,15
,13/03/2023,15/04/2023,22/04/2023,651,651,Mobilhome/Cottage,98749,4,Camping La Plage du Dramont,Saint-Raphaël,Jusqu'à 4 personnes,,15
,13/03/2023,15/04/2023,22/04/2023,693,693,Mobilhome/Cottage,98752,4,Camping La Plage du Dramont,Saint-Raphaël,Jusqu'à 4 personnes,,15
,13/03/2023,15/04/2023,22/04/2023,651,651,Mobilhome/Cottage,98746,4,Camping La Plage du Dramont,Saint-Raphaël,Jusqu'à 4 personnes,,15
,13/03/2023,22/04/2023,29/04/2023,2191,2191,Mobilhome/Cottage,33892,0,Camping Les Tournels,St Tropez,Jusqu'à 8 personnes,,16
,13/03/2023,22/04/2023,29/04/2023,2177,2177,Mobilhome/Cottage,58828,0,Camping Les Tournels,St Tropez,Jusqu'à 6 personnes,,16
,13/03/2023,22/04/2023,29/04/2023,1932,1932,Mobilhome/Cottage,58828,0,Camping Les Tournels,St Tropez,Jusqu'à 6 personnes,,16
,13/03/2023,22/04/2023,29/04/2023,1589,1589,Mobilhome/Cottage,33889,0,Camping Les Tournels,St Tropez,Jusqu'à 6 personnes,,16
,13/03/2023,22/04/2023,29/04/2023,1337,1337,Mobilhome/Cottage,33882,0,Camping Les Tournels,St Tropez,Jusqu'à 4 personnes,,16
,13/03/2023,22/04/2023,29/04/2023,1001,1001,Mobilhome/Cottage,6958,4,Camping Les Tournels,St Tropez,Jusqu'à 6 personnes,,16
,13/03/2023,22/04/2023,29/04/2023,765,765,Mobilhome/Cottage,6958,4,Camping Les Tournels,St Tropez,Jusqu'à 6 personnes,,16
,13/03/2023,22/04/2023,29/04/2023,612,612,Mobilhome/Cottage,6958,4,Camping Les Tournels,St Tropez,Jusqu'à 6 personnes,,16
,13/03/2023,22/04/2023,29/04/2023,612,612,Mobilhome/Cottage,6958,4,Camping Les Tournels,St Tropez,Jusqu'à 6 personnes,,16
,13/03/2023,22/04/2023,29/04/2023,459,459,Mobilhome/Cottage,6958,4,Camping Les Tournels,St Tropez,Jusqu'à 6 personnes,,16
,13/03/2023,22/04/2023,29/04/2023,1015,1015,Mobilhome/Cottage,4527,4,Camping Les Tournels,St Tropez,Jusqu'à 6 personnes,,16
,13/03/2023,22/04/2023,29/04/2023,945,945,Mobilhome/Cottage,4527,4,Camping Les Tournels,St Tropez,Jusqu'à 6 personnes,,16
,13/03/2023,22/04/2023,29/04/2023,696,696,Mobilhome/Cottage,796,4,Camping Les Tournels,St Tropez,Jusqu'à 4 personnes,,16
,13/03/2023,22/04/2023,29/04/2023,580,580,Mobilhome/Cottage,796,4,Camping Les Tournels,St Tropez,Jusqu'à 4 personnes,,16
,13/03/2023,22/04/2023,29/04/2023,580,580,Mobilhome/Cottage,796,4,Camping Les Tournels,St Tropez,Jusqu'à 4 personnes,,16
,13/03/2023,22/04/2023,29/04/2023,464,464,Mobilhome/Cottage,796,4,Camping Les Tournels,St Tropez,Jusqu'à 4 personnes,,16
,13/03/2023,22/04/2023,29/04/2023,464,464,Mobilhome/Cottage,796,4,Camping Les Tournels,St Tropez,Jusqu'à 4 personnes,,16
,13/03/2023,22/04/2023,29/04/2023,700,700,Mobilhome/Cottage,16126,3,Camping Les Tournels,St Tropez,Jusqu'à 6 personnes,,16
,13/03/2023,22/04/2023,29/04/2023,700,700,Mobilhome/Cottage,7586,3,Camping Les Tournels,St Tropez,Jusqu'à 4 personnes,,16
,13/03/2023,22/04/2023,29/04/2023,270,270,Mobilhome/Cottage,7586,3,Camping Les Tournels,St Tropez,Jusqu'à 4 personnes,,16
,13/03/2023,22/04/2023,29/04/2023,270,270,Mobilhome/Cottage,7586,3,Camping Les Tournels,St Tropez,Jusqu'à 4 personnes,,16
,13/03/2023,22/04/2023,29/04/2023,630,630,Mobilhome/Cottage,7478,3,Camping Les Tournels,St Tropez,"32 m²* -
2 chambres",,16
,13/03/2023,22/04/2023,29/04/2023,630,630,Mobilhome/Cottage,1018,3,Camping Les Tournels,St Tropez,Jusqu'à 4 personnes,,16
,13/03/2023,22/04/2023,29/04/2023,700,700,Mobilhome/Cottage,1018,3,Camping Les Tournels,St Tropez,Jusqu'à 4 personnes,,16
,13/03/2023,22/04/2023,29/04/2023,595,595,Mobilhome/Cottage,16123,3,Camping Les Tournels,St Tropez,Jusqu'à 4 personnes,,16
,13/03/2023,22/04/2023,29/04/2023,952,952,Mobilhome/Cottage,98722,0,Camping La Plage du Dramont,Saint-Raphaël,Jusqu'à 6 personnes,,16
,13/03/2023,22/04/2023,29/04/2023,952,952,Mobilhome/Cottage,98764,0,Camping La Plage du Dramont,Saint-Raphaël,Jusqu'à 6 personnes,,16
,13/03/2023,22/04/2023,29/04/2023,910,910,Mobilhome/Cottage,98719,0,Camping La Plage du Dramont,Saint-Raphaël,Jusqu'à 4 personnes,,16
,13/03/2023,22/04/2023,29/04/2023,854,854,Mobilhome/Cottage,98761,4,Camping La Plage du Dramont,Saint-Raphaël,Jusqu'à 6 personnes,,16
,13/03/2023,22/04/2023,29/04/2023,826,826,Mobilhome/Cottage,98758,4,Camping La Plage du Dramont,Saint-Raphaël,Jusqu'à 6 personnes,,16
,13/03/2023,22/04/2023,29/04/2023,728,728,Mobilhome/Cottage,98755,4,Camping La Plage du Dramont,Saint-Raphaël,Jusqu'à 4 personnes,,16
,13/03/2023,22/04/2023,29/04/2023,651,651,Mobilhome/Cottage,98749,4,Camping La Plage du Dramont,Saint-Raphaël,Jusqu'à 4 personnes,,16
,13/03/2023,22/04/2023,29/04/2023,693,693,Mobilhome/Cottage,98752,4,Camping La Plage du Dramont,Saint-Raphaël,Jusqu'à 4 personnes,,16
,13/03/2023,22/04/2023,29/04/2023,651,651,Mobilhome/Cottage,98746,4,Camping La Plage du Dramont,Saint-Raphaël,Jusqu'à 4 personnes,,16
,13/03/2023,29/04/2023,06/05/2023,2191,2191,Mobilhome/Cottage,33892,0,Camping Les Tournels,St Tropez,Jusqu'à 8 personnes,,17
,13/03/2023,29/04/2023,06/05/2023,2177,2177,Mobilhome/Cottage,58828,0,Camping Les Tournels,St Tropez,Jusqu'à 6 personnes,,17
,13/03/2023,29/04/2023,06/05/2023,1932,1932,Mobilhome/Cottage,58828,0,Camping Les Tournels,St Tropez,Jusqu'à 6 personnes,,17
,13/03/2023,29/04/2023,06/05/2023,1589,1589,Mobilhome/Cottage,33889,0,Camping Les Tournels,St Tropez,Jusqu'à 6 personnes,,17
,13/03/2023,29/04/2023,06/05/2023,1337,1337,Mobilhome/Cottage,33882,0,Camping Les Tournels,St Tropez,Jusqu'à 4 personnes,,17
,13/03/2023,29/04/2023,06/05/2023,1001,1001,Mobilhome/Cottage,6958,4,Camping Les Tournels,St Tropez,Jusqu'à 6 personnes,,17
,13/03/2023,29/04/2023,06/05/2023,765,765,Mobilhome/Cottage,6958,4,Camping Les Tournels,St Tropez,Jusqu'à 6 personnes,,17
,13/03/2023,29/04/2023,06/05/2023,612,612,Mobilhome/Cottage,6958,4,Camping Les Tournels,St Tropez,Jusqu'à 6 personnes,,17
,13/03/2023,29/04/2023,06/05/2023,612,612,Mobilhome/Cottage,6958,4,Camping Les Tournels,St Tropez,Jusqu'à 6 personnes,,17
,13/03/2023,29/04/2023,06/05/2023,459,459,Mobilhome/Cottage,6958,4,Camping Les Tournels,St Tropez,Jusqu'à 6 personnes,,17
,13/03/2023,29/04/2023,06/05/2023,1015,1015,Mobilhome/Cottage,4527,4,Camping Les Tournels,St Tropez,Jusqu'à 6 personnes,,17
,13/03/2023,29/04/2023,06/05/2023,945,945,Mobilhome/Cottage,4527,4,Camping Les Tournels,St Tropez,Jusqu'à 6 personnes,,17
,13/03/2023,29/04/2023,06/05/2023,696,696,Mobilhome/Cottage,796,4,Camping Les Tournels,St Tropez,Jusqu'à 4 personnes,,17
,13/03/2023,29/04/2023,06/05/2023,580,580,Mobilhome/Cottage,796,4,Camping Les Tournels,St Tropez,Jusqu'à 4 personnes,,17
,13/03/2023,29/04/2023,06/05/2023,580,580,Mobilhome/Cottage,796,4,Camping Les Tournels,St Tropez,Jusqu'à 4 personnes,,17
,13/03/2023,29/04/2023,06/05/2023,464,464,Mobilhome/Cottage,796,4,Camping Les Tournels,St Tropez,Jusqu'à 4 personnes,,17
,13/03/2023,29/04/2023,06/05/2023,464,464,Mobilhome/Cottage,796,4,Camping Les Tournels,St Tropez,Jusqu'à 4 personnes,,17
,13/03/2023,29/04/2023,06/05/2023,700,700,Mobilhome/Cottage,16126,3,Camping Les Tournels,St Tropez,Jusqu'à 6 personnes,,17
,13/03/2023,29/04/2023,06/05/2023,700,700,Mobilhome/Cottage,7586,3,Camping Les Tournels,St Tropez,Jusqu'à 4 personnes,,17
,13/03/2023,29/04/2023,06/05/2023,270,270,Mobilhome/Cottage,7586,3,Camping Les Tournels,St Tropez,Jusqu'à 4 personnes,,17
,13/03/2023,29/04/2023,06/05/2023,270,270,Mobilhome/Cottage,7586,3,Camping Les Tournels,St Tropez,Jusqu'à 4 personnes,,17
,13/03/2023,29/04/2023,06/05/2023,630,630,Mobilhome/Cottage,7478,3,Camping Les Tournels,St Tropez,"32 m²* -
2 chambres",,17
,13/03/2023,29/04/2023,06/05/2023,595,595,Mobilhome/Cottage,16123,3,Camping Les Tournels,St Tropez,Jusqu'à 4 personnes,,17
,13/03/2023,29/04/2023,06/05/2023,1274,1274,Mobilhome/Cottage,98725,0,Camping La Plage du Dramont,Saint-Raphaël,Jusqu'à 6 personnes,,17
,13/03/2023,29/04/2023,06/05/2023,952,952,Mobilhome/Cottage,98722,0,Camping La Plage du Dramont,Saint-Raphaël,Jusqu'à 6 personnes,,17
,13/03/2023,29/04/2023,06/05/2023,952,952,Mobilhome/Cottage,98764,0,Camping La Plage du Dramont,Saint-Raphaël,Jusqu'à 6 personnes,,17
,13/03/2023,29/04/2023,06/05/2023,910,910,Mobilhome/Cottage,98719,0,Camping La Plage du Dramont,Saint-Raphaël,Jusqu'à 4 personnes,,17
,13/03/2023,29/04/2023,06/05/2023,854,854,Mobilhome/Cottage,98761,4,Camping La Plage du Dramont,Saint-Raphaël,Jusqu'à 6 personnes,,17
,13/03/2023,29/04/2023,06/05/2023,826,826,Mobilhome/Cottage,98758,4,Camping La Plage du Dramont,Saint-Raphaël,Jusqu'à 6 personnes,,17
,13/03/2023,29/04/2023,06/05/2023,728,728,Mobilhome/Cottage,98755,4,Camping La Plage du Dramont,Saint-Raphaël,Jusqu'à 4 personnes,,17
,13/03/2023,29/04/2023,06/05/2023,651,651,Mobilhome/Cottage,98749,4,Camping La Plage du Dramont,Saint-Raphaël,Jusqu'à 4 personnes,,17
,13/03/2023,29/04/2023,06/05/2023,693,693,Mobilhome/Cottage,98752,4,Camping La Plage du Dramont,Saint-Raphaël,Jusqu'à 4 personnes,,17
,13/03/2023,29/04/2023,06/05/2023,651,651,Mobilhome/Cottage,98746,4,Camping La Plage du Dramont,Saint-Raphaël,Jusqu'à 4 personnes,,17
